[
	{ "caption": "Novo Arquivo", "command": "new_file_at", "args": {"dirs": []} },
	{ "caption": "Renomear…", "command": "rename_path", "args": {"paths": []} },
	{ "caption": "Excluir Arquivo", "command": "delete_file", "args": {"files": []} },
	{ "caption": "Abrir Conteúdo da Pasta…", "command": "open_containing_folder", "args": {"files": []} },
	{ "caption": "Revelar link da Fonte", "command": "reveal_link_source", "args": {"dirs": []} },
	{ "caption": "-", "id": "repo_commands" },
	{ "caption": "Abrir Repositório Git…", "command": "sublime_merge_open_repo", "args": {"paths": []}},
	{ "caption": "Histórico de Arquivo…", "command": "sublime_merge_file_history", "args": {"files": []}},
	{ "caption": "Histórico de Pasta…", "command": "sublime_merge_folder_history", "args": {"paths": []}},
	{ "caption": "Blame File…", "command": "sublime_merge_blame_file", "args": {"files": []}},
	{ "caption": "-", "id": "folder_commands" },
	{ "caption": "Nova Pasta…", "command": "new_folder", "args": {"dirs": []} },
	{ "caption": "Excluir Pasta…", "command": "delete_folder", "args": {"dirs": []} },
	{ "caption": "Localizar na Pasta…", "command": "find_in_folder", "args": {"dirs": []} },
	{ "caption": "-", "id": "end" }
]
