[
	{ "caption": "新建文件", "command": "new_file_at", "args": {"dirs": []} },
	{ "caption": "重命名…", "command": "rename_path", "args": {"paths": []} },
	{ "caption": "刪除文件", "command": "delete_file", "args": {"files": []} },
	{ "caption": "打開所在文件夾…", "command": "open_containing_folder", "args": {"files": []} },
	{ "caption": "打開鏈接目錄", "command": "reveal_link_source", "args": {"dirs": []} },
	{ "caption": "-", "id": "repo_commands" },
	{ "caption": "打開Git倉庫…", "command": "sublime_merge_open_repo", "args": {"paths": []}},
	{ "caption": "文件歷史…", "command": "sublime_merge_file_history", "args": {"files": []}},
	{ "caption": "目錄歷史…", "command": "sublime_merge_folder_history", "args": {"paths": []}},
	{ "caption": "審查文件…", "command": "sublime_merge_blame_file", "args": {"files": []}},
	{ "caption": "-", "id": "folder_commands" },
	{ "caption": "新建文件夾…", "command": "new_folder", "args": {"dirs": []} },
	{ "caption": "刪除文件夾", "command": "delete_folder", "args": {"dirs": []} },
	{ "caption": "在文件夾中查找…", "command": "find_in_folder", "args": {"dirs": []} },
	{ "caption": "-", "id": "end" }
]
