[
    { "command": "clear_location", "caption": "清除當前路徑" },
    { "command": "add_directory", "caption": "添加搜索文件夾" },
    { "command": "add_where_snippet", "args": {"snippet": "*.${0:txt}"}, "caption": "添加包括過濾(通配符)" },
    { "command": "add_where_snippet", "args": {"snippet": "-*.${0:txt}"}, "caption": "添加排除過濾(通配符)" },
    { "command": "add_where_snippet", "args": {"snippet": "<open folders>"}, "caption": "添加打開的文件夾" },
    { "command": "add_where_snippet", "args": {"snippet": "<open files>"}, "caption": "添加打開的文件" },
    { "command": "add_where_snippet", "args": {"snippet": "<current file>"}, "caption": "添加當前文件" },
]
