[
     { "command": "toggle_setting", "args": {"setting": "translate_tabs_to_spaces"}, "caption": "使用空格缩进", "checkbox": true },
     { "caption": "-" },
     { "command": "set_setting", "args": {"setting": "tab_size", "value": 1}, "caption": "制表符宽度: 1", "checkbox": true },
     { "command": "set_setting", "args": {"setting": "tab_size", "value": 2}, "caption": "制表符宽度: 2", "checkbox": true },
     { "command": "set_setting", "args": {"setting": "tab_size", "value": 3}, "caption": "制表符宽度: 3", "checkbox": true },
     { "command": "set_setting", "args": {"setting": "tab_size", "value": 4}, "caption": "制表符宽度: 4", "checkbox": true },
     { "command": "set_setting", "args": {"setting": "tab_size", "value": 5}, "caption": "制表符宽度: 5", "checkbox": true },
     { "command": "set_setting", "args": {"setting": "tab_size", "value": 6}, "caption": "制表符宽度: 6", "checkbox": true },
     { "command": "set_setting", "args": {"setting": "tab_size", "value": 7}, "caption": "制表符宽度: 7", "checkbox": true },
     { "command": "set_setting", "args": {"setting": "tab_size", "value": 8}, "caption": "制表符宽度: 8", "checkbox": true },
     { "caption": "-" },
     { "command": "detect_indentation", "caption": "使用缓冲区缩进方式" },
     { "caption": "-" },
     { "command": "expand_tabs", "caption": "转为空格缩进", "args": {"set_translate_tabs": true} },
     { "command": "unexpand_tabs", "caption": "转为制表符缩进", "args": {"set_translate_tabs": true} }
 ]
