[
	{ "command": "close_by_index", "args": { "group": -1, "index": -1 }, "caption": "Закрыть" },
	{ "command": "close_others_by_index", "args": { "group": -1, "index": -1 }, "caption": "Закрыть другие вкладки" },
	{ "command": "close_to_right_by_index", "args": { "group": -1, "index": -1 }, "caption": "Закрыть вкладки справа" },
	{ "caption": "-" },
	{ "command": "new_file", "caption": "Новый файл", "caption": "Новый файл" },
	{ "command": "prompt_open_file", "caption": "Открыть файл" }
]
