[
    { "command": "clear_location", "caption": "Clear" },
    { "command": "add_directory", "caption": "Add Folder" },
    { "command": "add_where_snippet", "args": {"snippet": "*.${0:txt}"}, "caption": "Add Include Filter" },
    { "command": "add_where_snippet", "args": {"snippet": "-*.${0:txt}"}, "caption": "Add Exclude Filter" },
    { "command": "add_where_snippet", "args": {"snippet": "<open folders>"}, "caption": "Add Open Folders" },
    { "command": "add_where_snippet", "args": {"snippet": "<open files>"}, "caption": "Add Open Files" }
]
